Model,MAE,RMSE,R2
Linear Regression,1.0129238820562,1.2428191864184406,0.6898096784936361
Random Forest,0.41696550592840487,0.5207678259739009,0.9455371160988404
Hist Gradient Boosting,0.40450050621555145,0.5058972642639912,0.948603090419222
