Model,MAE,RMSE,R2
Linear Regression,1.0129238820562,1.2428191864184406,0.6898096784936361
Random Forest,0.41696550592840487,0.5207678259739009,0.9455371160988404
Gradient Boosting,0.39972591975007193,0.5006603829549164,0.9496616705257503
